Barcode,Ecinvivo_rep1_DNA,Ecinvivo_rep1_RNA,Ecinvivo_rep1_DNA_Ecinvivo_rep1_RNA_tx,Ecinvivo_rep1_DNA_Ecinvivo_rep1_RNA_tx_log10
GCATGGCTGTTT,68.0,,no_RNA_counts,
AACGAGGTTGCT,35.0,,no_RNA_counts,
ATGACATATCCG,73.0,,no_RNA_counts,
CCCTGTGTGTTT,48.0,,no_RNA_counts,
GCATCGCATTTC,47.0,3.0,0.057210752028968484,-1.2425223434441788
TTGTCCCGGGTT,18.0,371.0,18.473775613502287,1.266555664283616
GACGAGGAATCT,,2.0,no_DNA_counts,
AATGGCGCGGTA,38.0,,no_RNA_counts,
GAACAAACCCGG,93.0,7.0,0.06746357497322808,-1.170930648767802
AGCTCTCATTTC,35.0,60.0,1.5365173402065821,0.18653746580524422
CATACGTCGTGA,33.0,,no_RNA_counts,
GGGCGATTGTGA,27.0,8.0,0.2655708983073105,-0.5758195173951675
AAACGACATCGG,34.0,28.0,0.7381308791188483,-0.13186662592815965
CTGTCGAAATTG,13.0,,no_RNA_counts,
GTAGCTTTGGGT,34.0,,no_RNA_counts,
CTCAGGGATCAG,5.0,,low_DNA_counts,
AAGCGTTCGAGA,36.0,,no_RNA_counts,
TACGACCGGAGA,16.0,,no_RNA_counts,
CATAAGGCTCAA,37.0,,no_RNA_counts,
CTCGGCGATTAC,23.0,,no_RNA_counts,
ACGCACCACAAT,47.0,,no_RNA_counts,
TGGAGAGTGTGA,5.0,,low_DNA_counts,
TGCTCCAACAGA,15.0,,no_RNA_counts,
ACACAGGATCTC,16.0,,no_RNA_counts,
GCGGATACATTG,45.0,,no_RNA_counts,
AAGGTAGACGTG,64.0,,no_RNA_counts,
CCACCAATCCAA,37.0,,no_RNA_counts,
CGAGGTATACGA,,,no_DNA_counts,
ACGACCGTGGAA,15.0,,no_RNA_counts,
AGGCCAGAAACG,15.0,,no_RNA_counts,
CAACGTCCTATC,9.0,,low_DNA_counts,
AGGGCTAACGTT,43.0,13.0,0.2709749572844941,-0.5670708435008736
GCAAGATGTACA,91.0,,no_RNA_counts,
CAACACTGCTTT,20.0,,no_RNA_counts,
CTGAAAGGCTGT,7.0,,low_DNA_counts,
ATTGCATCTCTG,14.0,,no_RNA_counts,
GTCAGAACACGT,18.0,1.0,0.04979454343262072,-1.3028182453314299
GTAGCCTATCCT,36.0,,no_RNA_counts,
AGTCAGGACAGT,5.0,2.0,low_DNA_counts,
GCGGTTTAAGCA,28.0,3.0,0.09603233376291137,-1.0175825168506807
GTAGTCGTTGCA,40.0,,no_RNA_counts,
TACTTGTTCCCT,24.0,,no_RNA_counts,
ACAGCGTAGCGT,9.0,,low_DNA_counts,
CAATCCGACCGA,40.0,1.0,0.02240754454467932,-1.6496057315560861
CACGGCTTGAAA,16.0,43.0,2.408811038553027,0.38180273269553794
TGGGTTGCCTAG,8.0,78.0,low_DNA_counts,
AAGTGTCGACAA,19.0,2.0,0.09434755597759716,-1.0252693455169715
ATACCCGCTGTT,35.0,,no_RNA_counts,
CCTTGATGAGCC,15.0,7.0,0.418274164834014,-0.3785389592695482
CATGGATAGGCA,68.0,,no_RNA_counts,
GTATGGACGGAC,3.0,4.0,low_DNA_counts,
GATGAGACTAGA,7.0,,low_DNA_counts,
CAGAAGCGTTGC,30.0,,no_RNA_counts,
TCCTGATAGAGC,16.0,,no_RNA_counts,
ACACACTGAGGG,27.0,,no_RNA_counts,
AACCGCCAACTG,42.0,,no_RNA_counts,
TTGGTCCTTTGG,73.0,,no_RNA_counts,
TGATCGAGTCAG,36.0,5.0,0.1244863585815518,-0.9048782366593923
CTCAAGTACAGC,98.0,,no_RNA_counts,
GAGGACTCGAAG,34.0,,no_RNA_counts,
GAGTCGCATGAT,7.0,,low_DNA_counts,
CCAACACCGACT,24.0,,no_RNA_counts,
ATCTGTGTCGAC,34.0,,no_RNA_counts,
TGAGGAGGGAAC,19.0,1.0,0.04717377798879858,-1.3262993411809527
GAGCAACGTCAA,14.0,,no_RNA_counts,
CCGTGAAACGCT,20.0,1.0,0.04481508908935864,-1.348575735892105
CCGATCTAGGAT,28.0,,no_RNA_counts,
GACCGTCGACTT,14.0,,no_RNA_counts,
CAAAGTGGTTTC,34.0,,no_RNA_counts,
TCGTACAAGTAC,26.0,,no_RNA_counts,
GAAACAGTTCCG,101.0,2.0,0.017748550134399466,-1.750837118346785
GTGACAGGAACG,19.0,,no_RNA_counts,
CTGATGCTCCAC,34.0,,no_RNA_counts,
TGTGATGCCCAA,18.0,,no_RNA_counts,
TTTGACACCGCT,15.0,44.0,2.629151893242374,0.41981567720238244
GTCCTGGGTTGT,78.0,,no_RNA_counts,
CAGAACATTTGG,19.0,,no_RNA_counts,
AATCGGTCGTGC,26.0,8.0,0.2757851636268224,-0.5594291012069982
TAGGTACACAGC,26.0,,no_RNA_counts,
CGCTATGGCTAA,,32.0,no_DNA_counts,
TCTCGTCCAAAG,12.0,,no_RNA_counts,
TCCCTGAGTGTA,18.0,,no_RNA_counts,
AGACCTACCGAT,16.0,2.0,0.11203772272339661,-0.9506357272200674
TGGGTCCATCTT,12.0,,no_RNA_counts,
CGCTGACCAAAT,25.0,,no_RNA_counts,
TTGTCTGCTTAC,27.0,,no_RNA_counts,
CTTGAAGGGATG,141.0,1.0,0.006356750225440943,-2.1967648528835038
CGTAAACAGATG,8.0,,low_DNA_counts,
GAGGAGAGAACA,32.0,,no_RNA_counts,
GATGGCTTCCCA,7.0,2.0,low_DNA_counts,
GGAGCAGAGAAC,21.0,4.0,0.17072414891184245,-0.7677050436340807
CCACTGATTCCA,6.0,,low_DNA_counts,
GGACTGATTCCG,20.0,,no_RNA_counts,
CATCAATGTCCG,18.0,83.0,4.13294710490752,0.6162598470446441
GTAGGCAGCTTG,44.0,1.0,0.020370495040617567,-1.6909984167143113
CGTAAACCTTCG,28.0,8.0,0.25608622336776365,-0.5916137845783995
TGCTCGAGAATC,28.0,,no_RNA_counts,
GGGTTCACATAC,30.0,,no_RNA_counts,
GGAAAGAAGCCG,36.0,,no_RNA_counts,
TCTATGTAGTCC,18.0,,no_RNA_counts,
ACAGCGTGTGTG,22.0,,no_RNA_counts,
TGTGTTCCCTGA,36.0,,no_RNA_counts,
TTTGCAGGCGGT,36.0,,no_RNA_counts,
GTCCAACGTGAT,13.0,,no_RNA_counts,
TATGGGCGAGAT,38.0,8.0,0.1886951119551943,-0.7242393498529903
GATGAAGGTCGT,,,no_DNA_counts,
TCGCGTGATACG,9.0,,low_DNA_counts,
GACACGCTTAAC,11.0,,no_RNA_counts,
CAAGCCGTGGAA,9.0,,low_DNA_counts,
TAGAAGGCTAGA,5.0,,low_DNA_counts,
TGAGGAGGTCGT,33.0,16.0,0.43457056086650814,-0.3619396974500864
GATGAAGCATTC,,,no_DNA_counts,
GGAGTGAAGGTA,39.0,,no_RNA_counts,
GACGCTATGTCT,26.0,23.0,0.7928823454271144,-0.10079125218134889
ACCTCTACGAGC,9.0,,low_DNA_counts,
ATCAGGTGCATA,36.0,28.0,0.69712360805669,-0.15669020965319183
CTGCCCAAATGT,30.0,,no_RNA_counts,
CTGGTGAAACGC,23.0,,no_RNA_counts,
GGTAACTACGAG,24.0,3.0,0.1120377227233966,-0.9506357272200674
CCGTGAAGTCGT,18.0,,no_RNA_counts,
GAGGAATCGTTC,18.0,,no_RNA_counts,
TCCTCTCACCAT,35.0,,no_RNA_counts,
CCCATATGGGTT,18.0,2.0,0.09958908686524144,-1.0017882496674486
CTTACACGCCCT,20.0,27.0,1.2100074054126835,0.08278802826688235
GCTGAGCGTTTC,5.0,,low_DNA_counts,
GTTCGAGGTTTC,29.0,6.0,0.1854417479559668,-0.7317924877434363
AAGCAGACACTT,97.0,1.0,0.009240224554506939,-2.0343174744943684
ACCAAGAGTTCC,88.0,,no_RNA_counts,
CACTGAGTCTAC,20.0,76.0,3.4059467707912567,0.5322378563886864
AGTTCTCTGCTT,16.0,,no_RNA_counts,
CAGGTAACGTGA,23.0,198.0,7.715989251906967,0.8873916140158145
GTTGCGGTTCCA,8.0,12.0,low_DNA_counts,
GACCGTAGCAAG,63.0,,no_RNA_counts,
ATGCTTCTGAGG,37.0,,no_RNA_counts,
TACTTGTGGGTC,6.0,,low_DNA_counts,
TCTCGGACAATC,15.0,,no_RNA_counts,
GAACGAGGAAGA,39.0,,no_RNA_counts,
AGCTCTTGGACA,38.0,23.0,0.5424984468711836,-0.265601500827341
GAGGAACACTAG,35.0,,no_RNA_counts,
AAGGCCTACAAA,9.0,5.0,low_DNA_counts,
GTGCGACCTATA,10.0,,no_RNA_counts,
GTTGGCTGCTAA,10.0,1.0,0.08963017817871728,-1.0475457402281239
TACGAAGCAGCT,64.0,,no_RNA_counts,
TTTGAGATCGGG,9.0,3.0,low_DNA_counts,
TTCCAGCGAATC,28.0,4.0,0.12804311168388183,-0.8926437802423807
ACTGAACGGAGG,40.0,153.0,3.4283543153359366,0.5350856992615126
CTTGCAAAGGCA,29.0,,no_RNA_counts,
TACGTAGCGGTG,72.0,1.0,0.01244863585815518,-1.9048782366593922
GGGATTGCCTAT,48.0,,no_RNA_counts,
ACTCGGCAATCG,29.0,,no_RNA_counts,
ACCATGAAGGTG,13.0,179.0,12.341386072300304,1.0913639384449327
TTGAGGTGTCCC,38.0,3.0,0.07076066698319786,-1.1502080821252716
ACGGGTTCGGTA,23.0,,no_RNA_counts,
TCCATCTCTGAC,6.0,2.0,low_DNA_counts,
GAGTGTGTGAGA,26.0,,no_RNA_counts,
CCTTTGCAGAGT,81.0,1.0,0.011065454096137938,-1.9560307591067734
ACCCTGGATACT,17.0,,no_RNA_counts,
GTGACCACTGCT,45.0,,no_RNA_counts,
AGGCAGACAACA,81.0,,no_RNA_counts,
ATCCCGTGTGCT,10.0,,no_RNA_counts,
TCTTGCTACCAA,5.0,,low_DNA_counts,
GAATGCATCCGT,23.0,,no_RNA_counts,
CGTTTCACTACA,76.0,,no_RNA_counts,
CCTCGACACATT,11.0,,no_RNA_counts,
GGTTATCTGGTG,21.0,7.0,0.2987672605957243,-0.5246669949477862
TCGGCAAATACC,74.0,,no_RNA_counts,
TGAGGCATAGGC,30.0,,no_RNA_counts,
CTCGTAAAGGTT,40.0,,no_RNA_counts,
CTGGGTGGTTTG,31.0,,no_RNA_counts,
TGCGGACAGGTT,23.0,,no_RNA_counts,
TTCATCACCTCT,32.0,,no_RNA_counts,
AGTTCGCAGTTG,28.0,,no_RNA_counts,
CTGTACTGTACT,18.0,47.0,2.3403435413331737,0.3692796126042876
AACGGATGTCGT,6.0,,low_DNA_counts,
GATAGGGTCTGC,74.0,4.0,0.04844874496146881,-1.3147174686311376
TGGTAGAACGTG,29.0,6.0,0.1854417479559668,-0.7317924877434363
TGCTCGTCTGCT,30.0,12.0,0.3585207127148691,-0.44548574890016146
CTCCATAATCGC,31.0,2.0,0.05782592140562406,-1.2378774383984152
TAAGGTGGTGTA,116.0,,no_RNA_counts,
GTAAGAGGCAAG,,17.0,no_DNA_counts,
CAATACCCATTG,54.0,3.0,0.049794543432620714,-1.3028182453314299
GTCTTCACGTGC,13.0,10.0,0.689462909067056,-0.1614890925349606
ACTGCGCGAAAC,11.0,1.0,0.08148198016247027,-1.0889384253863488
AGTGCCGTGAGT,85.0,5.0,0.05272363422277488,-1.2779946616063977
TTGTGGGTAAGC,2.0,,low_DNA_counts,
GTAACACGCGGT,15.0,1.0,0.05975345211914486,-1.223636999283805
ATTATGGGACGG,30.0,,no_RNA_counts,
GGTAGGATAGAC,,,no_DNA_counts,
ATGAGTTCCGAT,,,no_DNA_counts,
AAGACTGACCAT,42.0,,no_RNA_counts,
TTGGTCCTTGCA,63.0,7.0,0.09958908686524143,-1.0017882496674486
TACCAGGGTACA,35.0,2.0,0.05121724467355274,-1.2905837889144183
ATCGTAGAGGTC,39.0,52.0,1.1950690423828971,0.07739299638017615
AAATTGCGCGTC,,3.0,no_DNA_counts,
CCTGGTATCTCT,13.0,,no_RNA_counts,
GGGTTGTCGTAG,31.0,,no_RNA_counts,
CAGAAACGACAT,31.0,,no_RNA_counts,
TCCGCATCTAGT,34.0,,no_RNA_counts,
AGTCCTACAACC,10.0,,no_RNA_counts,
AACACCGTGTGG,44.0,,no_RNA_counts,
ATCCCGGAATTG,14.0,2.0,0.12804311168388183,-0.8926437802423807
AGTGAACCCAGC,9.0,,low_DNA_counts,
TCGTTGCGAAGC,29.0,2.0,0.061813915985322265,-1.2089137424630987
GTGTGTATCATG,33.0,,no_RNA_counts,
GTAGATCGAAGT,36.0,2.0,0.04979454343262072,-1.3028182453314299
AACATACGCATG,23.0,9.0,0.3507267841775894,-0.45503106680639177
TCTGGTACACAC,18.0,,no_RNA_counts,
AGTTGATGCCTG,27.0,,no_RNA_counts,
AGGATCAAACCG,1.0,3.0,low_DNA_counts,
TCTTATTCCGCA,17.0,6.0,0.31634180533664924,-0.4998434112227541
CGAAACCCAGGA,61.0,,no_RNA_counts,
AGTACGGTCAGG,13.0,,no_RNA_counts,
CCAAGTGCTCAT,31.0,,no_RNA_counts,
TGCATGCTTACT,9.0,,low_DNA_counts,
GGTTGCTATTTC,16.0,20.0,1.120377227233966,0.0493642727799326
GTCATCGTGGTT,63.0,1.0,0.014227012409320205,-1.8468862896817055
TGACACTAACGG,15.0,,no_RNA_counts,
GCTTGGCCAGTA,108.0,6.0,0.049794543432620714,-1.3028182453314299
CAATTGGCTTCC,13.0,245.0,16.891841272142873,1.2276769918295718
CGAGATTGGTAG,67.0,,no_RNA_counts,
ACACCGACATAC,10.0,,no_RNA_counts,
GATCGACAAGCT,14.0,,no_RNA_counts,
GGTCAAGATGTG,58.0,18.0,0.2781626219339502,-0.5557012286877551
ACAGACGGTAAG,22.0,,no_RNA_counts,
GAGAAGTCCCAT,38.0,,no_RNA_counts,
ATGGCTCCACCT,67.0,,no_RNA_counts,
TCGAACAGTAGC,25.0,93.0,3.334242628248283,0.5229971996537737
ACAAAGCCATAG,50.0,129.0,2.312458597010906,0.36407396573510636
CTTGTGGTTTGG,,,no_DNA_counts,
TCTGCCCGAATC,29.0,1.0,0.030906957992661133,-1.50994373812708
TGACCACTTTGG,9.0,,low_DNA_counts,
GGACACTGAAGC,22.0,,no_RNA_counts,
TTCCGCAAATCG,4.0,,low_DNA_counts,
TGTCACGGTCTG,19.0,,no_RNA_counts,
TACTTCGCCAGA,52.0,3.0,0.0517097181800292,-1.2864278291432605
GTACCTTGCATC,5.0,1.0,low_DNA_counts,
CAGGAGAATCCC,33.0,1204.0,32.70143470520473,1.5145668068157945
GTCTCCGATCGA,14.0,,no_RNA_counts,
CCTAATAGGGTG,55.0,,no_RNA_counts,
TGTAGGTAGGCA,53.0,6.0,0.1014681262400573,-0.9936703594452693
TTCCCGGATTTC,2.0,,low_DNA_counts,
CTGGTTACCGAA,21.0,7.0,0.2987672605957243,-0.5246669949477862
TAAGCAACAGTG,8.0,42.0,low_DNA_counts,
CTGCCCTTTAAG,30.0,1.0,0.02987672605957243,-1.5246669949477862
AAGCCTCGTGGA,11.0,,no_RNA_counts,
ACCTACGTGGGT,80.0,,no_RNA_counts,
GTCACTCGTCTT,23.0,,no_RNA_counts,
TACTACAGCGGG,70.0,74.0,0.9475190264607257,-0.023412060511404383
GAATTTCAGCCA,198.0,3.0,0.013580330027078376,-1.8670896757699924
TATGAGGACCGG,20.0,663.0,29.71240406624478,1.472937792512668
AGGGAAAGGCTT,3.0,136.0,low_DNA_counts,
GGTTGCTTTGAG,39.0,,no_RNA_counts,
TGTGGCTCGATA,10.0,,no_RNA_counts,
GCTGTTTGAGGA,24.0,2.0,0.07469181514893107,-1.1267269862757487
TTCTGCTACAGC,11.0,9.0,0.7333378214622324,-0.13469591594702396
ATACGTTGATGG,20.0,167.0,7.484119877922893,0.8741407352554783
CGAAACAGCTGA,23.0,,no_RNA_counts,
CCTGTGACTAGA,27.0,1.0,0.033196362288413814,-1.478909504387111
TTTGTGCGACGT,5.0,,low_DNA_counts,
TCGACGTCTTTC,91.0,,no_RNA_counts,
CTGTTGTGTGGT,24.0,,no_RNA_counts,
GCTGCGAAATCC,,,no_DNA_counts,
CACGAAGGGCTT,1.0,,low_DNA_counts,
TAGCCCGAGTAG,51.0,,no_RNA_counts,
GCCATTCTGTGA,20.0,508.0,22.766065257394192,1.3572879763918142
CCATAGACAGGC,36.0,,no_RNA_counts,
TACCGCGAGACT,22.0,,no_RNA_counts,
CCAAGTGCAAGG,78.0,1.0,0.011491048484450936,-1.9396403429186042
TACGCATCGTGA,14.0,,no_RNA_counts,
ACCATCAGAAGT,78.0,15.0,0.17236572726676402,-0.763549083862923
CTCTTCAGCCAT,55.0,,no_RNA_counts,
CCTGTAAGCGCT,28.0,,no_RNA_counts,
TATCGATCGCCG,17.0,3.0,0.15817090266832462,-0.8008734068867353
CTCCAATGTCCT,40.0,14.0,0.3137056236255105,-0.5034776958778482
TAGGGAGTTGTC,17.0,,no_RNA_counts,
GAATGGATATGG,74.0,,no_RNA_counts,
AACTGTGATCCA,6.0,,low_DNA_counts,
AGAAAGTGCGAG,40.0,9.0,0.2016679009021139,-0.6953632221167613
GATCGCGACTAA,21.0,,no_RNA_counts,
AAGCTCGAGACA,46.0,,no_RNA_counts,
TGAGGAGGGTTT,54.0,,no_RNA_counts,
AAGCTGACGAAC,62.0,,no_RNA_counts,
TCGAAAGCTGTT,17.0,624.0,32.899547755011525,1.5171899280760264
TGAGGAGTAGTG,31.0,,no_RNA_counts,
GTCGCTAGCATC,35.0,,no_RNA_counts,
TTCCCAAGAGAT,4.0,,low_DNA_counts,
TGACTGGTGTGT,,,no_DNA_counts,
GGTCAATCTCTT,21.0,4.0,0.17072414891184245,-0.7677050436340807
TCCAACTATCTC,23.0,6.0,0.2338178561183929,-0.6311223258620731
ACTCCTAGTGTA,30.0,3.0,0.08963017817871728,-1.0475457402281239
GGTCTCTCTTAA,52.0,1.0,0.0172365727266764,-1.7635490838629229
CATTGGGCTGGA,60.0,,no_RNA_counts,
TACCCTCATGGA,,,no_DNA_counts,
TGTTCTGAACGG,26.0,495.0,17.064206999409635,1.2320861107346268
TATCCCATTACC,23.0,44.0,1.7146642782015482,0.23417910024047078
GAACGGTTTGCG,19.0,,no_RNA_counts,
GCGTATCGATAC,76.0,,no_RNA_counts,
ATGTCGAGCAAC,6.0,,low_DNA_counts,
ATCGTGTTTCGC,53.0,1.0,0.016911354373342884,-1.7718216098289128
TACCCGGATATG,1.0,,low_DNA_counts,
AATGGCGTGATC,18.0,1.0,0.04979454343262072,-1.3028182453314299
AGTCTGACACCA,17.0,,no_RNA_counts,
AGCAGGTATTTC,28.0,4.0,0.12804311168388183,-0.8926437802423807
GAGCCTATCAGT,6.0,,low_DNA_counts,
ACCTACATGGAG,16.0,81.0,4.5375277702975625,0.6568192959946012
ATCATGGCAAAC,21.0,2.0,0.08536207445592123,-1.068735039298062
CCGATGCTTATA,38.0,,no_RNA_counts,
TGCTTTCTCTAC,20.0,,no_RNA_counts,
GGAGAATCTAGC,11.0,,no_RNA_counts,
TCCTTCAGCGAA,10.0,,no_RNA_counts,
ACCCTTTGTCCA,30.0,,no_RNA_counts,
CGGCATTTCAAG,43.0,,no_RNA_counts,
TTCCGAGAATGC,23.0,1.0,0.03896964268639882,-1.4092735762457167
TCCAGTTATCGG,63.0,,no_RNA_counts,
ATACCGCCTAGG,33.0,11.0,0.29876726059572434,-0.5246669949477861
CGTGAGTGGTTT,39.0,,no_RNA_counts,
TTCAAACGGCGA,22.0,1.0,0.040740990081235134,-1.38996842105033
CCCAGCTGTTCT,,,no_DNA_counts,
GGTTAGATGCCA,15.0,,no_RNA_counts,
ACCTACGCAGGA,33.0,7.0,0.1901246203790973,-0.7209616400917543
GTCGCGTGAATA,,,no_DNA_counts,
ATCTGGCGACTG,78.0,2.0,0.022982096968901872,-1.638610347254623
CATTCCGGACTT,35.0,62.0,1.587734584880135,0.20077790491985448
GTGGACAAGAGC,10.0,8.0,0.7170414254297383,-0.14445575323618023
TCCAATATTCCC,34.0,1.0,0.02636181711138744,-1.5790246572703788
ACATGGGTGATG,3.0,4.0,low_DNA_counts,
ACCACAAGCTGG,20.0,3.0,0.13444526726807593,-0.8714544811724425
ATCCTTACCTGG,21.0,1.0,0.042681037227960614,-1.3697650349620432
TAGACGGAAGTA,30.0,7.0,0.209137082417007,-0.6795689549335294
GAAGAATGCCAT,19.0,,no_RNA_counts,
GCACATCCATAA,6.0,2.0,low_DNA_counts,
ACCGAGGACTTT,,,no_DNA_counts,
TACGTCAGTAGG,17.0,,no_RNA_counts,
TTGAGGGAGACG,65.0,,no_RNA_counts,
CTGGAAACACCG,36.0,,no_RNA_counts,
AGAACGAGAGGG,66.0,11.0,0.14938363029786217,-0.8256969906117674
ATGGACAGTCGT,63.0,,no_RNA_counts,
GTCGGCTAGTAG,77.0,,no_RNA_counts,
CATACACTCCCG,18.0,3.0,0.14938363029786214,-0.8256969906117675
TTCGACTGAGAT,16.0,55.0,3.081037374893407,0.4886969666101953
GGTTGCATGATC,49.0,,no_RNA_counts,
ATACCCGGGTTT,52.0,6.0,0.1034194363600584,-0.9853978334792793
CCACAACCAGCT,31.0,1.0,0.02891296070281203,-1.5389074340623965
TGGGTCATAAGG,3.0,,low_DNA_counts,
CGTTACAACTTG,21.0,,no_RNA_counts,
GATTGGAGTCAC,12.0,,no_RNA_counts,
ACAAACGCGGAG,38.0,3896.0,91.89451952217962,1.963289611361644
GCCATCGTTACT,39.0,136.0,3.1255651877706545,0.4949285611155946
ACGTGATCGCGA,7.0,1.0,low_DNA_counts,
CAGTCGTACGAT,8.0,,low_DNA_counts,
ATCTCCGGGTCT,36.0,,no_RNA_counts,
TCGGATAGCAAG,30.0,1.0,0.02987672605957243,-1.5246669949477862
CCTAGGGACTAG,88.0,,no_RNA_counts,
AGATAGGCGTGC,20.0,29.0,1.2996375835914007,0.1138222620068511
CACCCATACCAA,10.0,,no_RNA_counts,
ACAGGAAGGTTG,64.0,1.0,0.014004715340424577,-1.853725714212011
TTGGACGTCTCC,10.0,,no_RNA_counts,
TTGACATGTTCC,29.0,,no_RNA_counts,
TCGCAGCAGTCT,37.0,1.0,0.024224372480734405,-1.6157474642951188
ACAAATCCTTCC,26.0,18.0,0.6205166181603505,-0.20724658309563562
CCACAACGATGA,1.0,,low_DNA_counts,
TTGTACTACCAG,1.0,,low_DNA_counts,
ATATTTGGCCCA,54.0,,no_RNA_counts,
ATTGTACCCGAA,36.0,,no_RNA_counts,
ACATGGGAAGAT,1.0,,low_DNA_counts,
TGTGCACTGCCA,,,no_DNA_counts,
AGGTGTCACTGT,3.0,,low_DNA_counts,
GAGATACGTAGC,53.0,,no_RNA_counts,
CTGCAAACTACC,,,no_DNA_counts,
ATCGTAGTCAGA,37.0,1449.0,35.101115724584155,1.545320921176056
GACGTTAGATCC,19.0,9.0,0.4245640018991872,-0.37205683174162785
CTCCTGAAACGG,3.0,,low_DNA_counts,
AGGTCTTACTTG,56.0,,no_RNA_counts,
TCCATACGGGTC,47.0,12.0,0.22884300811587394,-0.6404623521162164
CGAGCTTAGCGA,28.0,,no_RNA_counts,
TTGGCTTAAGCG,47.0,,no_RNA_counts,
ATATAGCCCGAT,9.0,,low_DNA_counts,
CAAGGCAAGATA,49.0,12.0,0.21950247717236887,-0.6585605742090126
CACTGTTCGTAC,38.0,,no_RNA_counts,
CCATCGGACAGT,29.0,6.0,0.1854417479559668,-0.7317924877434363
GCTTACGTTGTC,45.0,1.0,0.019917817373048288,-1.7007582540034674
GTTCTGCCAGGA,33.0,,no_RNA_counts,
GCCTTGTAGAGC,19.0,,no_RNA_counts,
ACGTGTACCTTC,29.0,,no_RNA_counts,
CCAACTGTGCAA,16.0,,no_RNA_counts,
TGCGAAACCGGT,33.0,,no_RNA_counts,
ACTCGTGTCTGT,3.0,760.0,low_DNA_counts,
TTCTGATGCGGT,59.0,1.0,0.015191555623511406,-1.8183977518702679
GTTCGTCCGGAA,46.0,5.0,0.09742410671599705,-1.011333567573679
ACCATCACAGAG,33.0,1.0,0.02716066005415676,-1.5660596801060112
ATGAGTCACCCG,25.0,,no_RNA_counts,
TAGGGTTTCAGA,15.0,,no_RNA_counts,
CCCATCATAAGG,28.0,8.0,0.25608622336776365,-0.5916137845783995
CGAAAGGAACCC,6.0,,low_DNA_counts,
GAAGGGATACGT,65.0,1.0,0.013789258181341121,-1.8604590968709793
AGCTATCCCACA,39.0,,no_RNA_counts,
CAGATCGGTGAC,1.0,,low_DNA_counts,
TTGCGCCCATAA,28.0,205.0,6.562209473798944,0.8170500894854112
TTGGCGATACGA,136.0,1.0,0.00659045427784686,-2.181084648598341
GTCCAGGTCACT,17.0,2.0,0.10544726844554976,-0.9769646659424165
ACTAGCTGAGGG,37.0,39.0,0.9447505267486418,-0.024682857268619532
GTGGTAGCGTAA,17.0,,no_RNA_counts,
ATTAACACGGCG,1.0,,low_DNA_counts,
TGGAGTACCCTG,5.0,632.0,low_DNA_counts,
GTATTTGTGTGG,20.0,,no_RNA_counts,
GCTGGCTAACTT,9.0,,low_DNA_counts,
CGCAAGTACGGT,38.0,,no_RNA_counts,
ATATAGGTTGCG,8.0,,low_DNA_counts,
ACACGCCAGTAT,26.0,1.0,0.0344731454533528,-1.4625190881989418
TAGATGGTACGC,1.0,,low_DNA_counts,
GTCGTCTCTGAG,25.0,1.0,0.035852071271486916,-1.4454857489001613
CCGTTTCGTTTG,29.0,,no_RNA_counts,
GAGACGTTGGTA,28.0,,no_RNA_counts,
TGCAAGTGTTTC,38.0,,no_RNA_counts,
GTACTGAAGGTG,110.0,35.0,0.2851869305686459,-0.5448703810360732
TTGGTTGCCGGT,37.0,20.0,0.4844874496146881,-0.31471746863113753
CGAACCAATCGC,29.0,,no_RNA_counts,
GACAGCGTAAGG,55.0,1.0,0.016296396032494054,-1.7879084297223675
TGGGTAGTGCAA,42.0,,no_RNA_counts,
TGCAATCACCAG,31.0,,no_RNA_counts,
TGCTAGTCGAGA,11.0,,no_RNA_counts,
ACTAGTGTGTGA,39.0,,no_RNA_counts,
CGACATCGTTTC,5.0,,low_DNA_counts,
TGAATTGGGCCG,54.0,,no_RNA_counts,
AGCTGATTGGCA,12.0,15.0,1.120377227233966,0.0493642727799326
ACGTGCCATCGT,24.0,9.0,0.3361131681701898,-0.47351447250040496
GTCCCAATAGCT,26.0,,no_RNA_counts,
ACTACAGTTCGG,13.0,,no_RNA_counts,
AGGCCTACGTTT,43.0,,no_RNA_counts,
TACGGACTCGTG,36.0,1.0,0.02489727171631036,-1.6038482409954111
GGCGTCTAAGAC,14.0,,no_RNA_counts,
TGATACGATCTC,29.0,,no_RNA_counts,
GAAGGTGTCCAC,50.0,,no_RNA_counts,
TTCCGTATCTGA,30.0,,no_RNA_counts,
ACTAGGCTCGGA,24.0,3.0,0.1120377227233966,-0.9506357272200674
ATTAGGCCAATC,20.0,240.0,10.755621381446074,1.031635505819501
AACCGGGCAAAG,43.0,,no_RNA_counts,
AATGGGTCTGGT,6.0,,low_DNA_counts,
CAGCGTTAAGTC,27.0,,no_RNA_counts,
CGCAACTGGTAA,35.0,,no_RNA_counts,
GGTACTGACCAA,3.0,,low_DNA_counts,
TGGGCAATCCCT,26.0,9.0,0.31025830908017527,-0.5082765787596168
CGTCTTACCTAT,8.0,,low_DNA_counts,
TGTTAGCATCCG,28.0,1.0,0.03201077792097046,-1.494703771570343
TCCAAGAACTTC,19.0,,no_RNA_counts,
ACTCCGGCAATA,25.0,2.0,0.07170414254297383,-1.14445575323618
CAAGGTCGTAAT,12.0,,no_RNA_counts,
GATATTGCGGCT,30.0,,no_RNA_counts,
AACCATCTGCCT,36.0,,no_RNA_counts,
CATGAGGGACTC,30.0,1.0,0.02987672605957243,-1.5246669949477862
GTAGAGGACCAC,21.0,,no_RNA_counts,
GACTATTGAAGC,51.0,5.0,0.08787272370462479,-1.0561459119900414
AGCGAGTAGGAT,,,no_DNA_counts,
ATCGCAGCAACC,8.0,21.0,low_DNA_counts,
TGGGAAGTCTGA,26.0,,no_RNA_counts,
GAAGGTCCTGTC,12.0,1.0,0.07469181514893107,-1.1267269862757487
ACGGTTGTGACG,21.0,,no_RNA_counts,
CATACAAGTGTG,30.0,37.0,1.10543886420418,0.043534729119208776
CATACTGCAATG,43.0,1.0,0.020844227483422628,-1.6810141958077103
TCTTTGAAGAGC,,,no_DNA_counts,
GGCTATAAGCGC,3.0,,low_DNA_counts,
AGCATTGAATCG,6.0,,low_DNA_counts,
TTTCCTACATCG,28.0,1.0,0.03201077792097046,-1.494703771570343
ACTGTACGCCCT,1.0,1.0,low_DNA_counts,
TCTCGACAAGAA,28.0,,no_RNA_counts,
CCAAAGTGACCA,27.0,69.0,2.290548997900553,0.3599395863501442
GCACGATGATGT,11.0,,no_RNA_counts,
TAGCAAGCGAGT,35.0,1.0,0.02560862233677637,-1.5916137845783993
TGAATTGCGGTC,37.0,1.0,0.024224372480734405,-1.6157474642951188
GACTGACCAAGT,15.0,,no_RNA_counts,
TAGCCGACGATA,13.0,4.0,0.2757851636268224,-0.5594291012069982
GCTATCGACAAG,42.0,9.0,0.19206466752582277,-0.7165525211866993
AGAAGGGTACTT,34.0,2.0,0.05272363422277488,-1.2779946616063977
GATGACTGCCTC,99.0,1.0,0.009053553351385584,-2.0431809348256738
AGGAGGAGTTGT,7.0,,low_DNA_counts,
CGGAGGATAAGT,29.0,11.0,0.3399765379192725,-0.4685510529688548
GCTCGAAACTCG,6.0,,low_DNA_counts,
AACCAGAAGCGG,18.0,2.0,0.09958908686524144,-1.0017882496674486
TGCAGGATGGTT,7.0,,low_DNA_counts,
CGGCTCTATTGA,35.0,,no_RNA_counts,
TCTACTTCGTAC,13.0,,no_RNA_counts,
ACGCTCTATGAC,45.0,,no_RNA_counts,
CCGAGAGTATGG,28.0,2.0,0.06402155584194091,-1.1936737759063618
CACGGTTACAGA,16.0,,no_RNA_counts,
CCTTAGGTCATC,35.0,,no_RNA_counts,
ACCGAACGAGAT,32.0,,no_RNA_counts,
ACACCGTCGTTC,25.0,,no_RNA_counts,
ATGCGCACACAC,32.0,,no_RNA_counts,
TGACTGTGCGAG,77.0,,no_RNA_counts,
GGATGATGTTCC,17.0,,no_RNA_counts,
CTTACGACCGGA,18.0,,no_RNA_counts,
TGAGTGTTGACG,35.0,,no_RNA_counts,
AACTCTGTGACG,12.0,,no_RNA_counts,
CGATAAAGGAGT,45.0,,no_RNA_counts,
AATTGCCGGAAC,35.0,,no_RNA_counts,
ACTGGCTGCATA,20.0,,no_RNA_counts,
TGTTGGGTTGGA,13.0,6.0,0.4136777454402336,-0.38333784215131694
AACTCTGTCTAC,31.0,3.0,0.08673888210843608,-1.0617861793427341
TCTAACAGGCGA,7.0,4.0,low_DNA_counts,
GTTTGACCTCGG,112.0,,no_RNA_counts,
CAGATAAGTCGG,72.0,,no_RNA_counts,
ACGAGTCTCTCT,23.0,4.0,0.15587857074559527,-0.8072135849177543
CTGCCAAGGACT,31.0,,no_RNA_counts,
CATTAGATAGGG,22.0,,no_RNA_counts,
CATTACGGGCAC,,,no_DNA_counts,
GTACCGAGAGTA,81.0,,no_RNA_counts,
TGAGACCAGTCC,60.0,,no_RNA_counts,
ACGCTTTCGGTC,4.0,,low_DNA_counts,
TGTATTCGGTAC,33.0,136.0,3.693849767365319,0.5674792282642063
CCATACGATGGG,2.0,,low_DNA_counts,
GCATTCCGTTCC,,,no_DNA_counts,
CACGCCATAGTA,80.0,,no_RNA_counts,
TTGGGATGCACG,,,no_DNA_counts,
GGTCGCAATACA,1.0,,low_DNA_counts,
TCTGGCACGGTT,61.0,1.0,0.014693471832576606,-1.8328755752388908
GTACTTCCATCC,35.0,37.0,0.9475190264607257,-0.023412060511404383
GAGCAGCGTTAG,7.0,,low_DNA_counts,
TGTTAGGTGTCG,98.0,,no_RNA_counts,
CGTACTCCTAGC,24.0,,no_RNA_counts,
AAGGCATGCCAA,45.0,,no_RNA_counts,
TGATAACGGCCT,14.0,,no_RNA_counts,
TTCATCTCCCGT,15.0,5.0,0.2987672605957243,-0.5246669949477862
TTCAGTTGACGA,35.0,1.0,0.02560862233677637,-1.5916137845783993
GGACCAATGGAC,87.0,10.0,0.10302319330887044,-0.9870649928467423
CGTGCGATAACC,2.0,,low_DNA_counts,
GGTTATATCCCG,139.0,9.0,0.058033928317155085,-1.2363180310428938
TTCCTCACAGAA,7.0,,low_DNA_counts,
AACTCTGAACGG,30.0,,no_RNA_counts,
TATCTGGGCTAC,42.0,3.0,0.06402155584194091,-1.1936737759063618
CTTCGAACGTGA,18.0,,no_RNA_counts,
TGGGCGCAAATG,7.0,2.0,low_DNA_counts,
TCGTGGATCAGC,54.0,,no_RNA_counts,
TTGAACAGCGAT,29.0,1.0,0.030906957992661133,-1.50994373812708
ACTTATAGGTGG,95.0,,no_RNA_counts,
GCTACTTACATC,20.0,,no_RNA_counts,
TACCTCCTGGCT,17.0,11.0,0.5799599764505238,-0.23660197644817257
CGCAAACTCCAA,27.0,3.0,0.09958908686524143,-1.0017882496674486
GTTGACATACGA,4.0,57.0,low_DNA_counts,
TAAACATGCGCG,96.0,723.0,6.750272794084646,0.8293213240268387
CTTAGGGCACAT,,,no_DNA_counts,
TGTTCTGTTTGG,23.0,580.0,22.602392758111318,1.3541544173172206
AATCCGCGAAGG,67.0,,no_RNA_counts,
TGGTGATTCGCA,11.0,,no_RNA_counts,
AACGATTGCATC,35.0,,no_RNA_counts,
ATTAGCCGATGC,15.0,1.0,0.05975345211914486,-1.223636999283805
GGACAAGTAGAG,9.0,,low_DNA_counts,
GACATAGTGACG,38.0,14.0,0.33021644592159005,-0.48120130116669585
GCAAACATGCAT,66.0,,no_RNA_counts,
CAGAGTGATGAG,66.0,,no_RNA_counts,
CCTTTGACTGCG,3.0,,low_DNA_counts,
TCTAAGACTTGG,89.0,,no_RNA_counts,
CCGCTTTACAAA,66.0,,no_RNA_counts,
CTCGACTACAAC,34.0,21.0,0.5535981593391363,-0.2568053625364596
CGTATAGTGCTT,17.0,10.0,0.5272363422277488,-0.27799466160639763
CTTCAACTTGGC,39.0,,no_RNA_counts,
ATAGCCACAGGT,30.0,1.0,0.02987672605957243,-1.5246669949477862
CTTGCTCTTACA,87.0,,no_RNA_counts,
AGTGAGATCACA,15.0,189.0,11.293402450518377,1.052824804889439
TAAACGCCGCTT,71.0,,no_RNA_counts,
ACGACAGACAGA,,,no_DNA_counts,
ACCTGCAACTAG,11.0,,no_RNA_counts,
AGACAACGTAGA,15.0,,no_RNA_counts,
GTGCGCTTTAAC,16.0,,no_RNA_counts,
AAATTGCGCTGA,8.0,,low_DNA_counts,
CAAGTTACGTGG,18.0,,no_RNA_counts,
TATCCTACTGGG,29.0,55.0,1.6998826895963624,0.23041895136716395
GACCACTATGTT,6.0,,low_DNA_counts,
CACAGATCGAGC,53.0,35.0,0.591897403067001,-0.22775356547863718
GCAATAGGTTCC,8.0,,low_DNA_counts,
ATTGGTAGCACA,70.0,19.0,0.2432819121993755,-0.6138901792895517
CAGATTGAGTCG,36.0,104.0,2.5893162584962774,0.41318509830336936
TGATCGTTGCAG,22.0,392.0,15.970468111844172,1.2033176459701271
CTGACGGTAGTT,13.0,9.0,0.6205166181603505,-0.20724658309563562
TACAGTCTCGAG,42.0,28.0,0.5975345211914486,-0.22363699928380507
TGTGACGGTTAC,21.0,,no_RNA_counts,
TCGGCAAGAGGT,30.0,,no_RNA_counts,
GGAGAGCGTAAT,19.0,45.0,2.122820009495936,0.32691317259439095
TGAGAGGAAACG,26.0,4.0,0.1378925818134112,-0.8604590968709793
GAAAGCTGACCA,23.0,2.0,0.07793928537279764,-1.1082435805817354
GTGTTGCAATGC,53.0,,no_RNA_counts,
AGGCGTGGTAAA,43.0,1.0,0.020844227483422628,-1.6810141958077103
ACTTTCCTGCTC,19.0,3.0,0.1415213339663957,-0.8491780864612903
CTCAGACAATGT,46.0,,no_RNA_counts,
TGAAACGGAGGG,16.0,,no_RNA_counts,
CCACATCAAGTG,8.0,,low_DNA_counts,
GTGCTTTAAGCC,40.0,2.0,0.04481508908935864,-1.348575735892105
ACGCCCTTTAGC,15.0,,no_RNA_counts,
GAAAGCGTTTGG,3.0,,low_DNA_counts,
GACCGTGTACCT,30.0,33.0,0.9859319599658901,-0.006153055069898777
ACTCCTCAGAGT,19.0,663.0,31.276214806573456,1.4952141872238205
CTGGAAGTTAGT,10.0,206.0,18.46381670481576,1.2663214801410296
GAGCACAGAACC,40.0,1.0,0.02240754454467932,-1.6496057315560861
GTATTTACTCGC,1.0,,low_DNA_counts,
AGCGATGGAGAT,46.0,6.0,0.11690892805919645,-0.9321523215260543
CCAGGAATGGAC,36.0,2.0,0.04979454343262072,-1.3028182453314299
GCGAGCTCTTGT,29.0,1.0,0.030906957992661133,-1.50994373812708
ACCTAAACGCGG,42.0,,no_RNA_counts,
CATCACCCTGAT,24.0,,no_RNA_counts,
CTCACGAGTCTC,27.0,,no_RNA_counts,
CATTACGAGCGA,7.0,,low_DNA_counts,
ACCTACGCTCAA,21.0,,no_RNA_counts,
GAGTACAACCTG,97.0,7.0,0.06468157188154856,-1.1892194344801117
CAGCTGCCTCAT,35.0,,no_RNA_counts,
TGAGTCCACCGT,40.0,5.0,0.1120377227233966,-0.9506357272200674
CGGACCTAATGC,,,no_DNA_counts,
CGTTGAGCTCTT,25.0,,no_RNA_counts,
CCCTATTAGACC,83.0,4.0,0.04319526659215291,-1.3645638412762353
GTCTAGCTTGCA,30.0,,no_RNA_counts,
AGCTGGTAGTGC,71.0,1.0,0.012623968757565817,-1.898804088947199
TCTCCCTGGAAC,29.0,,no_RNA_counts,
GCACCTGATTTC,13.0,,no_RNA_counts,
ACTGTGTGCGTA,16.0,68.0,3.809282572595485,0.5808431898221877
CATCTGCTTTAC,5.0,,low_DNA_counts,
ATGTATATGCCC,17.0,136.0,7.170414254297384,0.8555442467638199
TATGGCAGGTCC,22.0,,no_RNA_counts,
AGTCATGATACG,30.0,38.0,1.1353155902637522,0.05511660166902387
GATCGCTCTTAT,12.0,,no_RNA_counts,
CAAGCACGGATA,40.0,,no_RNA_counts,
ACGGACTATTGA,62.0,,no_RNA_counts,
GAATGTCTCCCA,46.0,,no_RNA_counts,
GGAGTAATCCGT,19.0,,no_RNA_counts,
GTCAGATCTAGG,58.0,1.0,0.015453478996330566,-1.8109737337910612
GACGCCTTCAAC,15.0,,no_RNA_counts,
CACCTCTAACGG,14.0,,no_RNA_counts,
TTTGATCAGCGT,78.0,,no_RNA_counts,
ATCGTGGTTAGT,64.0,,no_RNA_counts,
CGAACTGGTGAC,20.0,1.0,0.04481508908935864,-1.348575735892105
CTGCTTTCGTCC,34.0,,no_RNA_counts,
GCTCTCACTATC,21.0,,no_RNA_counts,
ACCAGGGAAGAC,44.0,4.0,0.08148198016247027,-1.0889384253863488
CAACTCCTCAAA,13.0,471.0,32.47370301705834,1.5115318145939356
CTTCTGATACGC,59.0,,no_RNA_counts,
GATCGTTCGATA,67.0,1.0,0.013377638534136909,-1.8736205429289503
GGAACGAATTTG,13.0,,no_RNA_counts,
TTTGGCCCTAGA,28.0,,no_RNA_counts,
CTGTACCACGTT,26.0,,no_RNA_counts,
AGATGCCGTGAA,1.0,,low_DNA_counts,
GTTCCCTGGATA,27.0,1.0,0.033196362288413814,-1.478909504387111
TATGACGCCTCT,36.0,2.0,0.04979454343262072,-1.3028182453314299
CTGTATCTCTGG,99.0,,no_RNA_counts,
AGGAGTTGCAAC,19.0,30.0,1.4152133396639572,0.1508219135387097
CCGGATATACTC,9.0,,low_DNA_counts,
TTGACCCTTACG,60.0,11.0,0.16432199332764838,-0.7843043054535423
GGAAAGGGATAA,,,no_DNA_counts,
TCGGCAGCTTGT,13.0,2.0,0.1378925818134112,-0.8604590968709793
AATCAGGGCACG,33.0,1.0,0.02716066005415676,-1.5660596801060112
ATCGTCCCAAGA,8.0,,low_DNA_counts,
TCCTAGAAGCAG,24.0,6.0,0.2240754454467932,-0.6496057315560863
CAATTTGCCGTT,16.0,159.0,8.90699895651003,0.9497314014364029
GAAGAGAGACAT,2.0,,low_DNA_counts,
GAAACGTCGCAA,28.0,8.0,0.25608622336776365,-0.5916137845783995
CAAGTAGCCAAT,11.0,8.0,0.6518558412997622,-0.1858484383944052
GTAAGATCGTGA,28.0,,no_RNA_counts,
TTCGCTGTTAGG,88.0,1.0,0.010185247520308784,-1.9920284123782923
TCTAGTACCACT,37.0,2.0,0.04844874496146881,-1.3147174686311376
CCTCTGGATCTT,38.0,11.0,0.2594557789383922,-0.5859366516867088
CAGGCTTATAGA,32.0,,no_RNA_counts,
GCAGTCCAGATA,54.0,2.0,0.033196362288413814,-1.478909504387111
AGCTAGGCTGAC,21.0,2.0,0.08536207445592123,-1.068735039298062
ACGAGGTGAGGA,28.0,30.0,0.9603233376291138,-0.01758251685068057
GTTCGTGGATGC,58.0,,no_RNA_counts,
ATAACGGCAGCT,2.0,,low_DNA_counts,
AGATTGGCCTGT,5.0,,low_DNA_counts,
TCCAGTGCAGAC,20.0,1.0,0.04481508908935864,-1.348575735892105
GAATCTCACGTT,23.0,,no_RNA_counts,
TGGCCTATCTTT,75.0,,no_RNA_counts,
GGGTATGCAAAG,83.0,,no_RNA_counts,
TGTCCGTGCATA,23.0,,no_RNA_counts,
TGAATGCCAAGA,139.0,,no_RNA_counts,
AAGAGGGATCAA,21.0,49.0,2.0913708241700704,0.3204310450664707
CATACCAGTGGT,28.0,2.0,0.06402155584194091,-1.1936737759063618
TTGGGCGTCATT,48.0,134.0,2.502175807489191,0.3983178207610966
CCTGCACCTTGT,34.0,7.0,0.18453271977971208,-0.7339266172561221
ACTTAACTGTGC,6.0,27.0,low_DNA_counts,
CTGGCAGGAGTA,31.0,28.0,0.8095628996787367,-0.09174940272017729
AGCCCAGATGAT,,1.0,no_DNA_counts,
GGTTAAAGAGGC,22.0,11.0,0.4481508908935865,-0.34857573589210494
GTTCTGCGATCG,34.0,1.0,0.02636181711138744,-1.5790246572703788
CGCAACTGACTC,23.0,,no_RNA_counts,
AACTTGCAGCGA,2.0,1.0,low_DNA_counts,
CGAGTGGTCTTT,35.0,,no_RNA_counts,
AGAACTAGCAGT,30.0,,no_RNA_counts,
ATGGCATACCGG,12.0,,no_RNA_counts,
GGTGGAGCTAGT,44.0,19.0,0.38703940577173374,-0.41224481576148225
TGTATCCTGGCT,24.0,,no_RNA_counts,
TGAGTCAGTCCT,51.0,,no_RNA_counts,
AGTCAAGTTCTG,60.0,559.0,8.350544933650493,0.9217148172746559
TCGTGTGGGTTT,29.0,,no_RNA_counts,
TCTTCTACACGC,17.0,2.0,0.10544726844554976,-0.9769646659424165
ACTAGGGCTAAT,6.0,,low_DNA_counts,
GTTGGTTACACG,11.0,36.0,2.9333512858489295,0.46736407538093844
CCCAATCCTTAC,6.0,1.0,low_DNA_counts,
ACTTGTGAGGTA,51.0,,no_RNA_counts,
ACGGCAGTCAAG,7.0,25.0,low_DNA_counts,
GTCTCCCGAATA,35.0,183.0,4.686377887630076,0.6708373051520301
GCTAATACTCAG,38.0,,no_RNA_counts,
ACGGTGCATATA,37.0,,no_RNA_counts,
GCGGTGTGTATA,15.0,,no_RNA_counts,
ACGCTGAGTTTG,93.0,1.0,0.00963765356760401,-2.016028688782059
ACTTCCTTCAAG,25.0,,no_RNA_counts,
CTTGCAAAGTGG,15.0,5.0,0.2987672605957243,-0.5246669949477862
CTCTGGATCATC,77.0,1.0,0.011640282880352895,-1.9340364654006057
AGCCAGTGCAAT,67.0,,no_RNA_counts,
CCCTTGGACTAA,55.0,,no_RNA_counts,
AGCTTCGCATAC,36.0,,no_RNA_counts,
CAGGGATTCCTG,56.0,,no_RNA_counts,
GCACTCCATGAT,13.0,,no_RNA_counts,
GTGGGAGAATCC,26.0,,no_RNA_counts,
CGCGTTCGTAAA,39.0,,no_RNA_counts,
AGTATCAGTCCG,23.0,,no_RNA_counts,
TTGAAACTCGGG,43.0,3.0,0.06253268245026787,-1.203892941088048
ACATCCGTTCAG,50.0,10.0,0.17926035635743456,-0.7465157445641426
GAATTGTGGGAA,65.0,,no_RNA_counts,
GGCAAATACCCA,19.0,183.0,8.63280137195014,0.9361517485494768
AGACGAGGCTTT,13.0,45.0,3.1025830908017524,0.49172342124038315
CGTTTGCAGGTC,22.0,1.0,0.040740990081235134,-1.38996842105033
CCGACCAATACA,145.0,,no_RNA_counts,
TGTGCGACTGTT,26.0,5.0,0.172365727266764,-0.763549083862923
GCATGATGGAGG,22.0,,no_RNA_counts,
GGAATCGTAAGC,65.0,,no_RNA_counts,
GCATACTTCCAA,45.0,6.0,0.11950690423828972,-0.9226070036198238
GCCAGAACAGTA,61.0,144.0,2.1158599438910315,0.32548691685635894
CGATATCAACGC,22.0,28.0,1.1407477222745837,0.05718961029188919
TAACCCGTAGGT,36.0,,no_RNA_counts,
TAGCGGATGGAA,28.0,,no_RNA_counts,
AGGAAACGGGCT,46.0,,no_RNA_counts,
GTTGAGGATCGG,13.0,,no_RNA_counts,
CCATGACACAAG,30.0,,no_RNA_counts,
CTGACATTGCAG,34.0,652.0,17.18790475662461,1.2352229384615414
CGGACATCTGTT,7.0,,low_DNA_counts,
GTTCAGTCGTAC,25.0,,no_RNA_counts,
CTTCCTCGAATT,1.0,3.0,low_DNA_counts,
ACCAACTCTTTC,38.0,,no_RNA_counts,
GCCAGTACGTAT,59.0,,no_RNA_counts,
GCAACATGTCGT,35.0,17.0,0.4353465797251983,-0.3611648632001255
AGGGAGTTTCTT,28.0,2.0,0.06402155584194091,-1.1936737759063618
GTCAGGCTTTAG,24.0,,no_RNA_counts,
GAGTCGTGGACT,28.0,,no_RNA_counts,
TCTGTCCACCTG,15.0,435.0,25.992751671828014,1.4148522576708322
AACCTGGCTCAA,27.0,2.0,0.06639272457682763,-1.17787950872313
TTGCATCTTGTC,18.0,14.0,0.69712360805669,-0.15669020965319183
ATAGTTTGCGCA,15.0,,no_RNA_counts,
AAAGCTTACTCC,,,no_DNA_counts,
GCCTAAAGCGGT,28.0,,no_RNA_counts,
GTACAATGACAC,18.0,257.0,12.797197662183525,1.1071148779998647
GCTTGAGTTGCA,53.0,,no_RNA_counts,
TCCCTTGCCTTT,58.0,,no_RNA_counts,
AACCTTAGAGGA,10.0,12.0,1.0755621381446074,0.031635505819501024
GAGAATCGCGTA,23.0,17.0,0.66248392566878,-0.1788246548674427
CGCATCTTCATA,20.0,10.0,0.4481508908935864,-0.34857573589210505
CATGTTCTTCGG,,,no_DNA_counts,
GTAGTCGCGTAG,31.0,,no_RNA_counts,
TCCTTGTGGAGA,17.0,,no_RNA_counts,
CTGCGACATGAT,22.0,,no_RNA_counts,
CTTCAGCGAGTC,24.0,93.0,3.473169404425295,0.5407259666142054
CTGAACCTGAAC,102.0,,no_RNA_counts,
AAGGACGGCTAG,20.0,11.0,0.4929659799829451,-0.3071830507338799
TGTGTAACGTTC,49.0,,no_RNA_counts,
GACTACCAACCG,20.0,,no_RNA_counts,
GCTGTAAGGCCA,22.0,,no_RNA_counts,
GGCTGCAAATGT,23.0,,no_RNA_counts,
ACTCTTCGCAGT,6.0,2.0,low_DNA_counts,
ACGGGATTCATA,84.0,15.0,0.16005388960485228,-0.7957337672343242
ACGATTCCTACG,22.0,,no_RNA_counts,
TCTCATTTGGTC,66.0,,no_RNA_counts,
TGGCTGAGTTAT,26.0,48.0,1.6547109817609345,0.21872214917664543
GGACGAGATATA,25.0,,no_RNA_counts,
GATGTAACGAGA,9.0,,low_DNA_counts,
TGTAGTTCCTGG,22.0,502.0,20.45197702078004,1.3107352960946894
ACGATCCGCAAT,35.0,,no_RNA_counts,
CAGGCGGGTAAA,15.0,,no_RNA_counts,
ATGGACTGGAGT,16.0,,no_RNA_counts,
CTTAACGTAGCC,9.0,,low_DNA_counts,
AATGAGTCGTTC,33.0,,no_RNA_counts,
TCTCCGCGATAA,10.0,,no_RNA_counts,
CTTGGTTTGCGA,19.0,,no_RNA_counts,
AAGCCTATGGCG,13.0,9.0,0.6205166181603505,-0.20724658309563562
GCTAAGGATGTG,88.0,,no_RNA_counts,
CAGACTGTACAT,39.0,,no_RNA_counts,
TGTACAGAGTCC,,,no_DNA_counts,
GACAAGCACGAC,15.0,,no_RNA_counts,
TCCACTTCCAAG,27.0,,no_RNA_counts,
CCCGAAGAATCT,35.0,,no_RNA_counts,
CTGTAGAGCCAG,26.0,1.0,0.0344731454533528,-1.4625190881989418
ACTAAGATCGCC,27.0,1.0,0.033196362288413814,-1.478909504387111
CAGATAGCGGAA,9.0,,low_DNA_counts,
CGTAAGAGCTGG,19.0,,no_RNA_counts,
TAGTCGTACCGT,17.0,,no_RNA_counts,
GGAGTGTATAGT,24.0,1.0,0.037345907574465535,-1.4277569819397298
ATCTGGCACATT,22.0,13.0,0.5296328710560567,-0.27602506874349325
CAATAAAGCGGG,63.0,1.0,0.014227012409320205,-1.8468862896817055
ACACGTACAGGC,21.0,,no_RNA_counts,
CGGTAAGATCGA,32.0,,no_RNA_counts,
GAGGAAGATCAC,10.0,934.0,83.71458641892195,1.9228011360019697
AACATCCGTCGA,3.0,,low_DNA_counts,
GGCCACTGTAGT,45.0,145.0,2.888083519092002,0.46060974823150747
TGGCGTAATCTC,27.0,2.0,0.06639272457682763,-1.17787950872313
TAAGAGCCTCTG,59.0,4.0,0.060766222494045626,-1.2163377605423056
CAAACCCGTGAT,6.0,1.0,low_DNA_counts,
AGACTGCCAGGT,65.0,,no_RNA_counts,
GGAAGGAATTGA,72.0,,no_RNA_counts,
TGCCCGATCTGA,77.0,8.0,0.09312226304282316,-1.0309464784086622
ATCGAAGCGACT,38.0,,no_RNA_counts,
GCTCACACATAA,29.0,,no_RNA_counts,
CCAAGAACTGTC,21.0,,no_RNA_counts,
GTAATCTCCGCG,27.0,,no_RNA_counts,
CGAGCCTTTGTG,40.0,,no_RNA_counts,
AATAGCGACGGG,69.0,,no_RNA_counts,
ATGCTCCCTCAT,21.0,66.0,2.8169484570454,0.44977890057982556
CTGCGTACTTCT,19.0,1.0,0.04717377798879858,-1.3262993411809527
TACATCTCTCTC,81.0,2.0,0.022130908192275877,-1.6550007634427923
GACGTCTGTTAC,31.0,,no_RNA_counts,
TCCCATCGCTAA,48.0,,no_RNA_counts,
AACCAGCGACTT,19.0,3.0,0.1415213339663957,-0.8491780864612903
AAGTTCGGTTAC,44.0,155.0,3.1574267312957227,0.49933328145598027
TGTGCGTCCATT,2.0,,low_DNA_counts,
GCCCGAGGTATA,50.0,,no_RNA_counts,
AAGTTGTGCCAG,27.0,,no_RNA_counts,
CCGACGACTATT,5.0,1.0,low_DNA_counts,
CATGGAGGAACA,26.0,1.0,0.0344731454533528,-1.4625190881989418
GCGCAAGGTAGT,6.0,,low_DNA_counts,
TTGCCCAGATAG,15.0,3.0,0.17926035635743456,-0.7465157445641426
CTCCACTGGACT,8.0,2.0,low_DNA_counts,
TAAGCAGCGTTC,36.0,,no_RNA_counts,
CGATAGGTTCTG,9.0,,low_DNA_counts,
TGACGGTACAGA,21.0,,no_RNA_counts,
AGGAGCGATATC,22.0,,no_RNA_counts,
ATCAATCCATCC,12.0,,no_RNA_counts,
CCAGTGGCAAAT,2.0,7.0,low_DNA_counts,
ACCGGTTATGGC,18.0,,no_RNA_counts,
CTGATTAGCCAA,29.0,,no_RNA_counts,
AAGGTCGTTTGC,24.0,,no_RNA_counts,
AATATCTACGCC,22.0,,no_RNA_counts,
TAGGCGACTTCT,21.0,12.0,0.5121724467355273,-0.2905837889144183
TGGATGGGCAAC,29.0,,no_RNA_counts,
ACGCAGGAAGAC,26.0,2.0,0.0689462909067056,-1.1614890925349606
TAGCCCAGGGAA,33.0,,no_RNA_counts,
CGCTGTTGGAGT,11.0,2.0,0.16296396032494054,-0.7879084297223676
CGACCAACGTAC,21.0,50.0,2.1340518613980306,0.32920496937397575
AGCGGACATTGA,22.0,46.0,1.874085543736816,0.27278941063124407
GTAAGAGTTCGA,41.0,,no_RNA_counts,
CGTAAGAGATCC,17.0,,no_RNA_counts,
GTGAACTCGAGG,31.0,1.0,0.02891296070281203,-1.5389074340623965
GTATGAATCGCC,26.0,,no_RNA_counts,
AGCGAGTTTAGA,36.0,,no_RNA_counts,
CCTGTCAGAAGT,57.0,32.0,0.5031869652138515,-0.29827061758070916
TAGTTTACCTGG,107.0,,no_RNA_counts,
AGCAGCCGTAGA,23.0,1.0,0.03896964268639882,-1.4092735762457167
ATTGTCTGAGCA,,,no_DNA_counts,
ATGGTACGAGAG,46.0,17.0,0.33124196283439,-0.4798546505314239
CGAACGTGTGGA,51.0,1.0,0.01757454474092496,-1.7551159163260601
CACGTGTTCACT,59.0,,no_RNA_counts,
TGCCTTGACGTT,36.0,83.0,2.06647355245376,0.3152298513806629
CACATAGATCGA,54.0,,no_RNA_counts,
AGTGTTATGCGA,42.0,,no_RNA_counts,
TATAGAGGTCCG,6.0,10.0,low_DNA_counts,
AGAAGTTGAACC,28.0,,no_RNA_counts,
ACATACCGGCAG,39.0,25.0,0.5745524242225468,-0.24067033858258532
GACGATGCGTCT,29.0,,no_RNA_counts,
CGCCAAGAACTT,3.0,,low_DNA_counts,
AGCATCCTCTGT,31.0,,no_RNA_counts,
CTGATTAGTGCT,31.0,,no_RNA_counts,
AGATCGCGTCCA,17.0,299.0,15.76436663260969,1.197676526718032
GTGAGCCACTTT,7.0,13.0,low_DNA_counts,
ATATAACGCCGG,17.0,,no_RNA_counts,
GTATAGGAGACA,8.0,,low_DNA_counts,
ACTATGCGAGAG,29.0,,no_RNA_counts,
TTCCGGACAACA,13.0,285.0,19.649692908411097,1.2933557674735496
GTTGCCATAGAC,39.0,,no_RNA_counts,
ATAATTGAGGCC,47.0,4.0,0.07628100270529131,-1.1175836068358789
ATGGCCTGAGTC,25.0,,no_RNA_counts,
CAGTCCAAGATG,26.0,,no_RNA_counts,
ATGTGGCTCACG,19.0,,no_RNA_counts,
TAGGCACGACGT,36.0,,no_RNA_counts,
ACACCATCTCGG,85.0,,no_RNA_counts,
GAGGTGAGAGAC,33.0,16.0,0.43457056086650814,-0.3619396974500864
CGTATTTGTCCC,17.0,,no_RNA_counts,
TTGCCTAAGCGC,13.0,,no_RNA_counts,
TCGTTGTCTACG,17.0,,no_RNA_counts,
TGAACGATCATC,32.0,36.0,1.0083395045105694,0.003606782219257464
AAATCGCGGTTG,1.0,1.0,low_DNA_counts,
GCCGATTTGTCG,86.0,,no_RNA_counts,
TCGCAAGTGAAT,27.0,409.0,13.577312175961248,1.1328138036202307
GAATGATGCCTC,24.0,,no_RNA_counts,
AGAGGATGCAGG,42.0,1.0,0.021340518613980307,-1.6707950306260242
GCCTAAGACCAT,52.0,,no_RNA_counts,
GATTACGTCCCG,21.0,,no_RNA_counts,
CGTGATCGATTG,14.0,2.0,0.12804311168388183,-0.8926437802423807
CGTGCAAAGTCC,33.0,,no_RNA_counts,
AACCACTCTGCG,8.0,10.0,low_DNA_counts,
TCGTAAGTACTC,4.0,,low_DNA_counts,
TGCTAATGTGTC,19.0,5.0,0.23586888994399288,-0.627329336844934
TCCAGAGCAAGG,56.0,,no_RNA_counts,
ACGCTTAGGCGA,67.0,47.0,0.6287490111044347,-0.20152268499323275
GTTGAGTGCACT,4.0,,low_DNA_counts,
TCTACAAGCGGG,41.0,123.0,2.6889053453615186,0.42957551449153863
AGTGGGCAATAC,44.0,,no_RNA_counts,
ATCGGGAGGTCT,16.0,,no_RNA_counts,
TGGAAGCCAACT,75.0,23.0,0.27486587974806637,-0.5608791676022309
AGCCGCTTCAAC,94.0,,no_RNA_counts,
GGCGACATAACG,36.0,,no_RNA_counts,
CCCAGCACAATA,47.0,64.0,1.220496043284661,0.08653637582004593
GCAACGTAGAGG,35.0,7767.0,198.90216968974207,2.298639520576135
TCTGATCTCGAA,35.0,2.0,0.05121724467355274,-1.2905837889144183
TAACGTTCGCGA,18.0,,no_RNA_counts,
GGGATTTCGGGA,45.0,,no_RNA_counts,
ACCTGGGCTTTC,5.0,,low_DNA_counts,
ATGATTCACCTC,58.0,,no_RNA_counts,
AGTTGAATGAGG,21.0,,no_RNA_counts,
TTCCCATAGAAG,59.0,,no_RNA_counts,
CTCATAGCGGGA,1.0,,low_DNA_counts,
AACGGTGGTTGC,1.0,2.0,low_DNA_counts,
TGTCTCCAACGT,39.0,,no_RNA_counts,
TGCGTAGGGTAT,33.0,2.0,0.05432132010831352,-1.26502968444203
CCTATCGGCAAA,31.0,7.0,0.20239072491968418,-0.6938093940481397
ATCAAGTGGCGA,66.0,7.0,0.09506231018954865,-1.0219916357557355
CGGACAAGCATT,2.0,,low_DNA_counts,
CGCGGTCTGAAT,21.0,,no_RNA_counts,
TAGCATCGTCGC,39.0,,no_RNA_counts,
TCGACGATACAT,35.0,5.0,0.12804311168388186,-0.8926437802423806
TCCTGCGCATAA,,,no_DNA_counts,
CAAAGTTACGCC,47.0,,no_RNA_counts,
GCGGTACGATAA,16.0,194.0,10.867659104169473,1.0361360070461776
CACAAATCCGGA,57.0,,no_RNA_counts,
CCTTCGTGGAGT,6.0,,low_DNA_counts,
CAGCCAACATGT,14.0,,no_RNA_counts,
GTTCAGCATGTA,45.0,,no_RNA_counts,
TTGGATATGCGT,43.0,2.0,0.041688454966845256,-1.379984200143729
GTCGAGGCTAAT,28.0,,no_RNA_counts,
CATAAGAGTGCG,16.0,25.0,1.4004715340424576,0.14627428578798904
CAAGCATACGGC,29.0,,no_RNA_counts,
ACGACCAGTAGA,103.0,191.0,1.6620741778771846,0.22065040231443153
GACTAACAGCCC,8.0,5.0,low_DNA_counts,
TTCACTCAAGAG,19.0,52.0,2.453036455417526,0.38970400245384645
CACTTGCGTAAC,32.0,,no_RNA_counts,
CATGCATGTTTC,29.0,,no_RNA_counts,
TACGAACGGACT,5.0,,low_DNA_counts,
CTTAGCCGAGTT,28.0,6.0,0.19206466752582274,-0.7165525211866994
CCGCGATGTAAA,44.0,1.0,0.020370495040617567,-1.6909984167143113
GCCTTCTTTATG,11.0,,no_RNA_counts,
GCGGAGTACAAT,39.0,,no_RNA_counts,
CCTCACGAATTG,17.0,,no_RNA_counts,
TGCAAGTGTCCT,42.0,,no_RNA_counts,
ATAGCATAGGGT,52.0,,no_RNA_counts,
AGAGTTAGAGGT,11.0,,no_RNA_counts,
ACCTTGCCGAAT,2.0,,low_DNA_counts,
ACGCCATGCGTT,28.0,1911.0,61.17259660697455,1.7865569154846699
TAACCTGGAGCG,41.0,,no_RNA_counts,
CACGTCTATAGG,21.0,,no_RNA_counts,
ATATACTCTCCG,1.0,,low_DNA_counts,
ATGGCCACTTCT,27.0,,no_RNA_counts,
TACGAAATCCGC,94.0,,no_RNA_counts,
GTGTGACCTAAG,16.0,776.0,43.47063641667789,1.6381959983741399
GACCTGAGTAGT,32.0,,no_RNA_counts,
CGCACCTGATAT,27.0,,no_RNA_counts,
CAGGTGTTTCCT,50.0,,no_RNA_counts,
GCCTGTATCGGT,6.0,,low_DNA_counts,
CGAGTGTGAACC,43.0,4.0,0.08337690993369051,-1.0789542044797478
CGAGACACCTAG,26.0,,no_RNA_counts,
ACTACACCATGC,41.0,,no_RNA_counts,
TTGCGCATAGAC,21.0,,no_RNA_counts,
TGTTCCTTGACC,63.0,,no_RNA_counts,
CACGTAGTTAAC,10.0,,no_RNA_counts,
AGTACGCTCGAA,60.0,1.0,0.014938363029786215,-1.8256969906117675
GGAGCAGCGTAA,33.0,4.0,0.10864264021662703,-0.9639996887780488
GCCATTTCTTTC,74.0,116.0,1.4050136038825956,0.14768052926781855
CACAGTCCTAAG,22.0,91.0,3.707430097392397,0.5690729712707635
AACCCGCAGAGT,12.0,16.0,1.1950690423828971,0.07739299638017615
GCGACTCAGAAA,35.0,,no_RNA_counts,
ACCGATTGGTGT,20.0,,no_RNA_counts,
CGAAATGCGCGT,89.0,,no_RNA_counts,
GGGCTGACAATA,46.0,1.0,0.01948482134319941,-1.710303571909698
AGTGATGGACAA,22.0,,no_RNA_counts,
GATAACGCTGAC,8.0,,low_DNA_counts,
ATCCCGAACTAG,,,no_DNA_counts,
CATTAACGCTTC,29.0,,no_RNA_counts,
TCCTAGGCGTGT,55.0,,no_RNA_counts,
GAAGATAGCGCG,80.0,,no_RNA_counts,
ACGTACTAATGG,22.0,2.0,0.08148198016247027,-1.0889384253863488
TAGTTGCATGCG,41.0,,no_RNA_counts,
GTCTTCGGAGTA,11.0,1.0,0.08148198016247027,-1.0889384253863488
GAGGAAGGAAGC,25.0,,no_RNA_counts,
CTGAAGTCGATG,66.0,,no_RNA_counts,
AACTAGTTTGCG,12.0,,no_RNA_counts,
ATGCGGAAATGC,43.0,,no_RNA_counts,
GATCGCGACATG,77.0,,no_RNA_counts,
ACGTACTGTGCG,39.0,,no_RNA_counts,
CGTACACTTGAC,47.0,,no_RNA_counts,
CTTCATAGGACC,36.0,1.0,0.02489727171631036,-1.6038482409954111
GATAGAGCTGAT,34.0,,no_RNA_counts,
CAGTGACTCTGC,65.0,7.0,0.09652480726938785,-1.0153610568567226
TTGGCCTATTGA,22.0,2.0,0.08148198016247027,-1.0889384253863488
GATAATTCGCAG,22.0,3.0,0.12222297024370538,-0.9128471663306676
GTCCAACATCTT,29.0,,no_RNA_counts,
ACGAGAGGAACT,30.0,5.0,0.14938363029786214,-0.8256969906117675
CCGGTGGTTATT,20.0,22.0,0.9859319599658902,-0.006153055069898728
CAAGCTTACAGG,16.0,96.0,5.377810690723037,0.7306055101555198
GCAAGTATAGCT,10.0,,no_RNA_counts,
TGAGACAATGCA,13.0,4.0,0.2757851636268224,-0.5594291012069982
CCCATACCTCGT,84.0,,no_RNA_counts,
TGGTCCAAGCGT,44.0,,no_RNA_counts,
AAGAGCGCATAC,45.0,,no_RNA_counts,
CACCGCTAAACG,31.0,1058.0,30.589912423575125,1.4855782336367704
TTCCTGCCGTTT,22.0,101.0,4.114839998204748,0.6143529527323125
CACGTGAAATGC,24.0,6.0,0.2240754454467932,-0.6496057315560863
CGAAGAGACACC,23.0,,no_RNA_counts,
GTAGGATGGTGC,73.0,36.0,0.44201183759367435,-0.35456609958129237
GCCGTGATACTG,9.0,,low_DNA_counts,
CTGAGACGGACT,32.0,,no_RNA_counts,
GAACGATTGAGA,85.0,11.0,0.11599199529010476,-0.9355719807841913
CTCTAGTGGTTC,27.0,,no_RNA_counts,
GAATGTTTGCCT,33.0,,no_RNA_counts,
GCGCTGATTTAG,18.0,,no_RNA_counts,
GTTTAGTACGTG,38.0,3.0,0.07076066698319786,-1.1502080821252716
ACTTATCAGCAG,74.0,,no_RNA_counts,
CACCCTACGAGT,21.0,,no_RNA_counts,
ACGCACTTTCCG,7.0,,low_DNA_counts,
GCGCTCTATTAA,,,no_DNA_counts,
ACAAATTGCCAG,50.0,8.0,0.14340828508594766,-0.8434257575721991
CACCAGTACGAA,38.0,,no_RNA_counts,
AACCGTGACTAA,13.0,,no_RNA_counts,
GAGTACAGAGCG,44.0,,no_RNA_counts,
CTCACTCTGATG,23.0,,no_RNA_counts,
TCGAATCGTGGG,21.0,,no_RNA_counts,
CAACACCGGACT,14.0,,no_RNA_counts,
CCACAGGACACA,79.0,,no_RNA_counts,
ACCGCTACGTAG,28.0,75.0,2.4008083440727845,0.38035749182135703
AGAGCAGCATAT,27.0,11.0,0.36515998517255194,-0.437516819228886
TGTATTCGCGTT,,,no_DNA_counts,
CAATTGGGTGCA,26.0,1.0,0.0344731454533528,-1.4625190881989418
TGTGGGAGCATC,36.0,167.0,4.15784437662383,0.6188682301521722
GTCTATGGACCG,18.0,,no_RNA_counts,
ACCACGTGAAGG,29.0,,no_RNA_counts,
TAGCGACTTCTT,12.0,,no_RNA_counts,
TAAGTAGCCGAG,17.0,22.0,1.1599199529010475,0.06442801921580862
GACTGACTTCTG,17.0,,no_RNA_counts,
GAATAGCACGGA,11.0,,no_RNA_counts,
CATACCACCTCG,13.0,,no_RNA_counts,
CATACCCACTCC,26.0,,no_RNA_counts,
ATGATATGCCAG,1.0,12.0,low_DNA_counts,
ATGAGTAATCCC,13.0,,no_RNA_counts,
GCACCTTTGCCT,13.0,,no_RNA_counts,
GACCCGTAGAAG,24.0,20.0,0.7469181514893107,-0.12672698627574863
TGAAGAGGCATC,13.0,1.0,0.0689462909067056,-1.1614890925349606
GGATAGGTTGGA,39.0,1.0,0.022982096968901872,-1.638610347254623
CGTCAACCGTAT,17.0,78.0,4.112443469376441,0.6140999410840827
GACGTCAGGACT,44.0,2.0,0.040740990081235134,-1.38996842105033
TTCTTCGGGAAG,37.0,,no_RNA_counts,
TAGGCTACGCAC,73.0,,no_RNA_counts,
CAACTCTGCATC,13.0,1926.0,132.790556286315,2.123167190253555
ATATGCTATGCC,61.0,,no_RNA_counts,
ACAGCGAGCAAG,57.0,,no_RNA_counts,
TGACGAACGATT,19.0,,no_RNA_counts,
AGGCCTACATAA,32.0,27.0,0.7562546283829271,-0.12133195438904246
AGAGCGTGGACT,19.0,,no_RNA_counts,
TATGTTAGGGCC,6.0,,low_DNA_counts,
TGAGTCTGAACT,1.0,,low_DNA_counts,
GAATGCTGTCAG,18.0,,no_RNA_counts,
AGCACGTCGAGA,20.0,3.0,0.13444526726807593,-0.8714544811724425
GTTTGTACACTG,26.0,,no_RNA_counts,
TGGAAGCGCATA,44.0,,no_RNA_counts,
CACAGGAGCTCT,11.0,4.0,0.3259279206498811,-0.48687843405838643
ACGTTGATGTTG,40.0,7.0,0.15685281181275526,-0.8045076915418293
TTGACCGTGCTG,10.0,84.0,7.528934967012252,0.8767335458337578
TTGCAGGGACAC,33.0,,no_RNA_counts,
AAGACGGCAACT,30.0,,no_RNA_counts,
ATGACTTTGCTC,31.0,,no_RNA_counts,
GCGTGTCTCACA,73.0,,no_RNA_counts,
TGTAAGCAACGC,24.0,,no_RNA_counts,
CGAAACGTAGTT,31.0,,no_RNA_counts,
TCTCACTGAGGC,29.0,6.0,0.1854417479559668,-0.7317924877434363
GCGGATTAGCCA,41.0,,no_RNA_counts,
TGCGGGACTAAG,72.0,,no_RNA_counts,
GATAGCTGTCAC,4.0,,low_DNA_counts,
ATAGTAGGAGCC,8.0,,low_DNA_counts,
TAGGGAGAATGT,59.0,3.0,0.045574666870534214,-1.3412764971506055
CCTTGCATTCGA,16.0,27.0,1.5125092567658542,0.17969804127493874
AATACTGCTCAG,50.0,,no_RNA_counts,
TACCGGCGCTAA,32.0,17.0,0.4761603215744356,-0.32224679716975585
GTTGAGGTCATC,34.0,11.0,0.2899799882252619,-0.5376319721121537
CACTCGGCTAGT,18.0,10.0,0.4979454343262072,-0.3028182453314298
TTGCAGAGGACT,51.0,,no_RNA_counts,
GTTAGCGCTGTC,4.0,,low_DNA_counts,
ACACACTGTTGC,82.0,,no_RNA_counts,
CTGGACGAATCG,63.0,,no_RNA_counts,
AGCTAAGATGGT,29.0,2.0,0.061813915985322265,-1.2089137424630987
GACTCTAGCTTG,19.0,7.0,0.33021644592159005,-0.48120130116669585
GTACATCGCTCG,39.0,,no_RNA_counts,
TGTCGTTTGCCA,36.0,,no_RNA_counts,
CTCACTCCTAGG,19.0,,no_RNA_counts,
AGTCAAGGGTAT,25.0,,no_RNA_counts,
GCTAGACCGTCT,30.0,10.0,0.2987672605957243,-0.5246669949477862
GAGGTAACGCCA,21.0,,no_RNA_counts,
GGATTCGAGACA,4.0,,low_DNA_counts,
GACATGGATCTT,7.0,17.0,low_DNA_counts,
GCTCCTGTCGAT,22.0,3.0,0.12222297024370538,-0.9128471663306676
GCAAGAGTTGCG,15.0,,no_RNA_counts,
TAATGAGCCCTG,41.0,,no_RNA_counts,
GCTGCGAACAAC,74.0,,no_RNA_counts,
CGATGAGATACA,31.0,,no_RNA_counts,
TTCCGTAGATAC,21.0,,no_RNA_counts,
AGACTTTGACTG,32.0,,no_RNA_counts,
AGAGCAGTAAGG,4.0,1.0,low_DNA_counts,
CTCACGACAACG,12.0,,no_RNA_counts,
GATCGGAGCTAA,17.0,6.0,0.31634180533664924,-0.4998434112227541
AAACGGGTATGA,45.0,,no_RNA_counts,
CCAAGTTGAGTG,33.0,,no_RNA_counts,
TAGCTGCGTTAA,21.0,,no_RNA_counts,
GTACTCCTTCGA,22.0,5.0,0.20370495040617564,-0.6909984167143113
TAAAGCAGCGCG,18.0,912.0,45.41262361055009,1.6571765929969864
CTGATATCCTCG,27.0,,no_RNA_counts,
GACCAGTGTTTC,28.0,,no_RNA_counts,
AGGATGGTACAC,55.0,,no_RNA_counts,
ACACAGCAGCTG,38.0,1.0,0.02358688899439929,-1.627329336844934
TAGAAGACCGGA,32.0,1.0,0.028009430680849153,-1.5526957185480297
CCTTTCACACTG,11.0,,no_RNA_counts,
CTCACAGATGTC,47.0,,no_RNA_counts,
TGCTACCACCAA,80.0,,no_RNA_counts,
GTTCTCTTGCAG,9.0,,low_DNA_counts,
GTTCGTGGTGCT,15.0,,no_RNA_counts,
CCAGATCTGGAT,1.0,,low_DNA_counts,
GCATTGCAATCT,28.0,,no_RNA_counts,
GGCCAATGCACT,34.0,6.0,0.15817090266832462,-0.8008734068867353
TTGACTCAGGCG,38.0,,no_RNA_counts,
ATGGAGACGAAT,28.0,,no_RNA_counts,
CCATAGTCCTAA,38.0,,no_RNA_counts,
CCGGTAGATCAG,20.0,12.0,0.5377810690723037,-0.26939448984448017
ACATCCATGCGA,37.0,1.0,0.024224372480734405,-1.6157474642951188
TCCTGATTTGTG,15.0,1.0,0.05975345211914486,-1.223636999283805
TACGTCGGAACC,4.0,,low_DNA_counts,
TCGTGAGGCTGA,5.0,,low_DNA_counts,
CTCGAGTTTGGA,40.0,,no_RNA_counts,
GGTCATGTAGAC,28.0,,no_RNA_counts,
CAGGATCTCGAT,18.0,,no_RNA_counts,
CGAAGGACAACC,6.0,,low_DNA_counts,
GTCGATTTGTGT,34.0,,no_RNA_counts,
CAACCGATGGTA,107.0,,no_RNA_counts,
ACTCCACCTAAT,6.0,,low_DNA_counts,
GTAGAGCACATT,9.0,,low_DNA_counts,
CGCTAAACCCAA,27.0,,no_RNA_counts,
CGCGCCTAACAT,47.0,,no_RNA_counts,
GTCCAGTGAATG,45.0,182.0,3.6250427618947887,0.5593131339816074
ACATGAGTCCGG,8.0,,low_DNA_counts,
TGATTTGGCGTT,20.0,,no_RNA_counts,
CATACGTGGAAG,18.0,,no_RNA_counts,
ACCTTCCATTAC,22.0,13.0,0.5296328710560567,-0.27602506874349325
CCTTAGCAGCGA,13.0,,no_RNA_counts,
CAGTATCTTGGC,52.0,3.0,0.0517097181800292,-1.2864278291432605
CTGGAGACATTG,29.0,,no_RNA_counts,
GATGTCCCAAAT,111.0,13.0,0.10497228074984907,-0.9789253667079445
GTAGGAAGCCAC,23.0,,no_RNA_counts,
AGATGCGACACC,21.0,,no_RNA_counts,
CTCTAGGACACA,15.0,4.0,0.23901380847657944,-0.6215770079558426
TGGTCGGATACC,14.0,,no_RNA_counts,
GGAGAGGAATTT,36.0,,no_RNA_counts,
AGGGTAGCTTGT,5.0,,low_DNA_counts,
CGATATGCTACT,35.0,,no_RNA_counts,
TTGAGGATCGGG,42.0,43.0,0.9176423004011532,-0.0373265750464377
GGTGTGTTTACT,17.0,23.0,1.2126435871238224,0.08373317441119524
TCCCGCATAATG,2.0,,low_DNA_counts,
CACACAGCACAG,72.0,,no_RNA_counts,
ACAGTCAGCATT,43.0,,no_RNA_counts,
CAGCTTGCAAAT,167.0,,no_RNA_counts,
TCCTCTTCCTAC,31.0,1.0,0.02891296070281203,-1.5389074340623965
GGACCCATTGCT,,,no_DNA_counts,
AACGAAGGCGAT,37.0,19.0,0.46026307713395365,-0.3369938633422898
ATCCGCTACTCG,34.0,3.0,0.07908545133416231,-1.1019034025507164
CTGTACGAGAAG,20.0,,no_RNA_counts,
TACATACTGCTG,41.0,,no_RNA_counts,
ACTACACCCTAA,15.0,,no_RNA_counts,
AAGTCGCCTGTG,14.0,,no_RNA_counts,
AGGCTCCGTAGT,29.0,,no_RNA_counts,
ATCTAAGGTGCA,9.0,6.0,low_DNA_counts,
GAGCCTGTCGAA,45.0,,no_RNA_counts,
ACTCGAGCTTGT,30.0,16.0,0.4780276169531589,-0.32054701229186144
GGAGTAGTGGAT,23.0,,no_RNA_counts,
ACCCAGCGAAGT,36.0,,no_RNA_counts,
GAACGCGTAAGT,37.0,558.0,13.517199844249797,1.13088673464246
CGTACGCTGAAT,4.0,72.0,low_DNA_counts,
AGCTAGATGCTG,56.0,8.0,0.12804311168388183,-0.8926437802423807
CACTTCTGTACT,10.0,,no_RNA_counts,
CTGCTGGAGCTT,57.0,,no_RNA_counts,
ATGCCACCGTAT,35.0,,no_RNA_counts,
GTCATACGGCCT,26.0,3.0,0.1034194363600584,-0.9853978334792793
CTTGTACGCATC,32.0,,no_RNA_counts,
AGACTCTCCACA,3.0,,low_DNA_counts,
TGCATGCACCTG,33.0,,no_RNA_counts,
TCGTTGTACACA,12.0,4.0,0.2987672605957243,-0.5246669949477862
ACTAGTTCGTTC,1.0,,low_DNA_counts,
TATACGAGTGGA,35.0,,no_RNA_counts,
AGACGTGCATGT,53.0,,no_RNA_counts,
TCGAGCACTATA,27.0,277.0,9.195392353890625,0.9635702646773374
TCTGTATGCATC,1.0,,low_DNA_counts,
ATAGTTAGTGGC,56.0,2.0,0.03201077792097046,-1.494703771570343
ATTGAGTATGGG,32.0,1.0,0.028009430680849153,-1.5526957185480297
ATAGCGTGCATT,57.0,18.0,0.2830426679327915,-0.5481480907973091
CATCACTCCAAC,56.0,5.0,0.08002694480242614,-1.0967637628983053
AGTGTTGATCGA,34.0,,no_RNA_counts,
CCCTAACACTGA,9.0,320.0,low_DNA_counts,
CTTACTGTATCC,53.0,,no_RNA_counts,
GGTGCCGCTATA,16.0,,no_RNA_counts,
ATTCCAAGCCTG,8.0,,low_DNA_counts,
TAGGCTCAATCG,41.0,2.0,0.04372203813595966,-1.359299601283878
TGCTCGGATCGT,42.0,2.0,0.042681037227960614,-1.3697650349620432
TGAACGTCCCAG,12.0,7.0,0.5228427060425175,-0.2816289462614918
CGCGACACATTT,29.0,3.0,0.0927208739779834,-1.0328224834074176
TGCGCGTATAAC,11.0,,no_RNA_counts,
ACTGCTTCGCTC,27.0,,no_RNA_counts,
TGGGTACATCGA,61.0,139.0,2.042392584728148,0.31013922501520425
TCCAAGAGTACT,14.0,137.0,8.770953150345907,0.943046791250045
AGAAGGTGGCAA,39.0,,no_RNA_counts,
GGTCTCCCAACT,19.0,94.0,4.434335130947066,0.646828512418746
ATAAGGCATACC,35.0,28.0,0.7170414254297384,-0.14445575323618018
ATTAGAGCACGT,32.0,,no_RNA_counts,
TGAGTCACACGT,11.0,21.0,1.7111215834118754,0.2332808693475704
AACATGGTCCGG,50.0,,no_RNA_counts,
AGCGTCATCTCT,,,no_DNA_counts,
ATTACACCTTCC,28.0,2.0,0.06402155584194091,-1.1936737759063618
GCTCCCAATGCT,65.0,,no_RNA_counts,
GTCGACAAGCTC,52.0,,no_RNA_counts,
TCCCATCACAAC,27.0,,no_RNA_counts,
CCTAGTGGTTGT,36.0,1.0,0.02489727171631036,-1.6038482409954111
AGCGGGTAATGA,23.0,,no_RNA_counts,
GTGAGACCAACT,26.0,1.0,0.0344731454533528,-1.4625190881989418
TCGAGAACCACG,29.0,,no_RNA_counts,
TCCTGAGGAGTT,16.0,,no_RNA_counts,
GCGCTCCTTGAA,15.0,1.0,0.05975345211914486,-1.223636999283805
AAGGGACGAAAT,10.0,,no_RNA_counts,
CTCCTTCAGTCT,51.0,302.0,5.307512511759337,0.7248910266310904
GGAACGAATGCT,41.0,,no_RNA_counts,
CCTGTTCCCAAT,13.0,121.0,8.342501199711378,0.9212962777814895
CCCTATTGTACT,29.0,3.0,0.0927208739779834,-1.0328224834074176
GCGACATGACTG,13.0,,no_RNA_counts,
ATAGACGGATGA,30.0,,no_RNA_counts,
GAATGATTGACC,21.0,325.0,13.8713370990872,1.1421183260168313
GAGAATGGTTCT,48.0,,no_RNA_counts,
ACACGGATATGC,25.0,,no_RNA_counts,
GCAACTTCTGGG,19.0,7.0,0.33021644592159005,-0.48120130116669585
CAGGTGTACGAA,68.0,3.0,0.039542725667081155,-1.4029333982146976
GTCACATGCTGA,37.0,86.0,2.0832960333431587,0.31875098694844894
GCAGAACGTTGC,4.0,,low_DNA_counts,
CGAATAGGAGAC,19.0,,no_RNA_counts,
CCATAGTGAGCG,13.0,9.0,0.6205166181603505,-0.20724658309563562
ATCTGGTCTTCG,11.0,,no_RNA_counts,
GCCTCGTAACAG,24.0,,no_RNA_counts,
TGAAGATGAGGT,35.0,,no_RNA_counts,
GTCCAAATGACT,33.0,3.0,0.08148198016247027,-1.0889384253863488
ACGTATAGGAAG,23.0,,no_RNA_counts,
CGTCGAACAGAA,80.0,9.0,0.10083395045105695,-0.9963932177807425
TCTAGTCCTTCT,68.0,,no_RNA_counts,
GACTGCATGCGA,1.0,,low_DNA_counts,
TGTATGCCCACA,46.0,,no_RNA_counts,
GGACTCTTTAAG,55.0,,no_RNA_counts,
GCTGAATGAGTC,46.0,,no_RNA_counts,
TCCGGTAGACAG,41.0,,no_RNA_counts,
TAAGGCTGGCTG,127.0,,no_RNA_counts,
CTGCGAACTCTG,14.0,,no_RNA_counts,
TTGGATGCCACA,6.0,,low_DNA_counts,
CGACACTCTTCG,36.0,,no_RNA_counts,
CTGTGTACAGGG,65.0,,no_RNA_counts,
GCTGTACTCCGT,44.0,1.0,0.020370495040617567,-1.6909984167143113
CTGTTGTGCTGA,56.0,,no_RNA_counts,
ATACTCTCCGTT,44.0,,no_RNA_counts,
CGATGACGAAAG,35.0,,no_RNA_counts,
TATGGTCGTCAC,17.0,,no_RNA_counts,
CATGCAATCTTG,21.0,,no_RNA_counts,
AGTTACCCATGG,30.0,2.0,0.05975345211914486,-1.223636999283805
TCGATCGGCTCT,10.0,6.0,0.5377810690723037,-0.26939448984448017
ATCAAGTCCACG,6.0,55.0,low_DNA_counts,
TAGATCCAGAGC,15.0,3.0,0.17926035635743456,-0.7465157445641426
TTCCAGTTTGTG,39.0,,no_RNA_counts,
AGTTGATTTCGG,53.0,,no_RNA_counts,
TGAAGACACGAG,1.0,,low_DNA_counts,
GCATGAAGATGA,40.0,,no_RNA_counts,
GATCAACGACCA,33.0,1.0,0.02716066005415676,-1.5660596801060112
GCACGTTGCATA,9.0,,low_DNA_counts,
GTCCAGGATGTG,35.0,,no_RNA_counts,
ATAGCACGAACG,41.0,62.0,1.3553831822147493,0.1320620925503946
CTGTGAGTACCG,41.0,,no_RNA_counts,
ACGGCTGAATCT,22.0,33.0,1.3444526726807593,0.12854551882755744
CTTGCTAGGCCA,72.0,1.0,0.01244863585815518,-1.9048782366593922
AGATGAGTGCGA,38.0,3.0,0.07076066698319786,-1.1502080821252716
AATCGAGGTGGG,32.0,,no_RNA_counts,
CGTTGAACCTGC,14.0,5.0,0.32010777920970457,-0.49470377157034306
CTCCGTATCTCT,23.0,,no_RNA_counts,
TAGACTATGCCG,50.0,3.0,0.053778106907230366,-1.2693944898444802
CGAGGTCAATAG,152.0,,no_RNA_counts,
CTTTCGTCGACT,82.0,2.0,0.02186101906797983,-1.6603295969478593
GCTGCGTAAAGA,7.0,7.0,low_DNA_counts,
ACTTGGCTTCAC,40.0,,no_RNA_counts,
AACGAAACCGCG,60.0,,no_RNA_counts,
AATCGGAGGTGG,43.0,1.0,0.020844227483422628,-1.6810141958077103
CGTCGATCTATA,16.0,,no_RNA_counts,
TCGGCTGTGGTA,45.0,1.0,0.019917817373048288,-1.7007582540034674
